ltable_id,rtable_id,label
528,21347,1
20,16837,1
1561,21846,1
1053,3990,1
1053,20825,1
2077,11552,1
560,8136,1
572,4643,1
1108,10672,1
1636,4639,1
2149,4784,1
2149,10785,1
1650,2050,1
1145,4787,1
122,1749,1
2180,2070,1
2180,16172,1
1684,17948,1
1173,7215,1
1685,3437,1
1179,8242,1
1695,17274,1
1187,1629,1
1701,18549,1
169,3969,1
169,6003,1
1706,17026,1
1707,20080,1
1708,16226,1
1195,5364,1
688,3316,1
691,17289,1
2229,8835,1
1719,15203,1
1206,6003,1
1723,17765,1
1723,17766,1
2246,21190,1
1738,20132,1
213,20018,1
1241,17234,1
746,2741,1
2284,863,1
754,4102,1
1281,16682,1
2309,20862,1
1285,14281,1
1799,297,1
782,5390,1
1806,7161,1
1810,6172,1
1817,18425,1
1306,16837,1
1308,16540,1
2343,10785,1
2359,22047,1
1338,17543,1
333,3710,1
2388,18425,1
361,110,1
878,9557,1
879,20131,1
884,17167,1
391,7162,1
2441,11606,1
1942,1587,1
407,13781,1
926,4426,1
929,3990,1
1453,7898,1
1453,15106,1
1456,18231,1
2481,6885,1
1465,21941,1
1992,1274,1
1999,20189,1
1496,16180,1
474,18529,1
988,17345,1
990,18425,1
991,12312,1
2018,5207,1
1527,10983,1
1016,17939,1
1016,18187,1
1333,11421,1
531,19817,1
22,17882,1
23,16644,1
1569,21393,1
546,20551,1
47,11668,1
1601,20217,1
1602,19807,1
67,14615,1
1611,10670,1
1611,20417,1
2128,16274,1
2128,18103,1
88,18980,1
1117,16741,1
1128,17306,1
1128,19199,1
116,2219,1
629,2739,1
1657,16332,1
636,9151,1
1148,16756,1
1162,17390,1
1170,6670,1
2202,20276,1
2202,21638,1
2207,1774,1
2207,5711,1
2210,16560,1
2211,4646,1
2212,21840,1
1704,2740,1
2218,9579,1
684,17573,1
175,5431,1
1201,2939,1
1720,20522,1
2234,3830,1
1724,21393,1
1726,18463,1
194,6876,1
1732,5720,1
716,5898,1
1238,18578,1
216,1952,1
1754,21393,1
219,8696,1
223,5971,1
227,11814,1
1773,20276,1
1773,21638,1
751,3527,1
1774,18402,1
1782,10194,1
250,13869,1
250,21644,1
1791,19538,1
1794,20276,1
1794,21638,1
2306,18101,1
1804,14112,1
1294,17592,1
277,15099,1
1814,4167,1
1823,20095,1
806,21393,1
1830,7234,1
1835,10229,1
1848,3523,1
1849,15085,1
315,7705,1
833,18899,1
2385,3523,1
2385,7504,1
339,9611,1
339,13560,1
340,18622,1
348,8689,1
2396,18101,1
1886,17807,1
2404,17704,1
2404,20960,1
363,18691,1
1389,17297,1
889,2793,1
2425,9886,1
1404,363,1
894,21393,1
1921,17807,1
2433,17845,1
390,11602,1
2443,18402,1
408,7234,1
2457,17144,1
415,16503,1
2479,10669,1
1972,12132,1
2506,10194,1
1489,2077,1
986,6669,1
1502,5431,1
2017,16793,1
485,18622,1
485,20002,1
2544,16195,1
1530,21644,1
16,15182,1
2073,15479,1
1054,3986,1
1573,5415,1
2090,11058,1
1578,3323,1
568,21908,1
56,18761,1
571,7216,1
2111,704,1
1095,2702,1
603,21731,1
609,2109,1
609,9469,1
1125,8267,1
106,1499,1
117,7323,1
117,9327,1
1654,13416,1
632,13149,1
1661,21818,1
2178,8047,1
1175,19245,1
667,7079,1
168,20286,1
172,9213,1
2226,13149,1
1218,5267,1
199,16263,1
734,5991,1
1251,2073,1
1764,5993,1
741,11537,1
231,10436,1
745,11810,1
2282,899,1
1261,8266,1
2301,1914,1
771,5517,1
1284,21065,1
790,7485,1
1818,14612,1
797,6508,1
2337,13186,1
290,15478,1
2339,2236,1
291,2001,1
305,9323,1
820,6298,1
1342,9327,1
838,715,1
1364,3986,1
342,7323,1
342,21065,1
854,14022,1
349,4880,1
350,14612,1
1893,11120,1
1897,5422,1
1897,11444,1
1901,10882,1
1391,2976,1
2422,8663,1
1403,21315,1
1918,3986,1
387,6161,1
399,713,1
2452,2138,1
2452,21163,1
1433,4349,1
922,13506,1
924,387,1
1954,3986,1
2475,7296,1
1962,5415,1
959,21908,1
457,8018,1
458,9324,1
2509,12085,1
976,14840,1
2522,3324,1
2016,12006,1
2025,13873,1
501,3619,1
7,1303,1
1547,4788,1
529,17879,1
18,20306,1
1554,11834,1
1022,12116,1
542,15021,1
2078,3894,1
34,20563,1
2084,8987,1
50,4799,1
1591,17447,1
1085,17878,1
1598,13861,1
68,5236,1
68,15251,1
1096,2632,1
1103,14377,1
81,17194,1
1635,20243,1
1637,1270,1
2158,9026,1
110,8467,1
1660,11172,1
1150,11340,1
645,6760,1
2181,13990,1
1672,9027,1
2187,8159,1
2194,5101,1
1191,6675,1
2216,20675,1
2221,11340,1
180,6261,1
2239,9482,1
207,16759,1
2256,18110,1
2262,12116,1
1240,1303,1
2265,18698,1
737,6759,1
2295,21434,1
1787,233,1
2308,7474,1
1798,10001,1
264,16640,1
1801,13491,1
1288,15767,1
274,4996,1
1811,1143,1
1811,12931,1
288,17747,1
2345,15061,1
1321,12931,1
311,20436,1
1850,17488,1
2365,8618,1
2366,6012,1
2369,4356,1
1861,18357,1
2377,18891,1
336,20174,1
337,6115,1
1372,19687,1
2399,7267,1
870,14930,1
362,3235,1
2412,7233,1
1393,17763,1
883,19482,1
2421,2840,1
2421,15767,1
1407,21161,1
1920,13431,1
1923,10958,1
1418,14715,1
1419,14257,1
919,17371,1
1944,828,1
2458,18891,1
1454,10760,1
2495,12080,1
2498,3148,1
1988,9474,1
2503,20051,1
989,21304,1
1503,4198,1
1508,19514,1
2534,7378,1
2026,18648,1
1007,7733,1
2033,18679,1
1528,16916,1
513,3468,1
1570,14952,1
2083,14539,1
2082,2689,1
2082,11014,1
53,17892,1
1086,5095,1
2112,9288,1
1091,7000,1
1091,17121,1
2119,20314,1
75,21465,1
1614,11350,1
1112,10800,1
2144,9288,1
1639,8013,1
1129,8643,1
2156,14545,1
1646,14506,1
2159,16653,1
2159,17899,1
1663,10771,1
652,7445,1
2188,14564,1
141,11427,1
665,19197,1
1182,10803,1
164,18937,1
2222,9288,1
2224,14686,1
694,20006,1
700,806,1
702,21933,1
1729,881,1
706,13187,1
721,19036,1
723,9675,1
1748,17507,1
214,6368,1
215,6601,1
225,12627,1
244,8414,1
248,11662,1
2297,10869,1
1786,19742,1
765,15415,1
1291,17829,1
1295,6405,1
1296,21566,1
1298,8455,1
1320,884,1
309,19291,1
1858,516,1
1348,4578,1
1353,6819,1
2389,21566,1
2390,2480,1
1367,12146,1
1370,5172,1
1890,891,1
1890,2847,1
1891,15304,1
1904,8586,1
1904,14469,1
2426,17120,1
2426,18367,1
1402,20183,1
388,1450,1
901,20896,1
2439,881,1
418,1306,1
2469,19597,1
1966,656,1
954,1458,1
967,17203,1
2508,11582,1
1997,12451,1
462,9288,1
1487,3573,1
2514,10401,1
2514,19485,1
2006,13921,1
2519,8655,1
2520,15683,1
476,2717,1
994,3296,1
2019,16543,1
1510,19042,1
2540,11344,1
1516,888,1
1009,780,1
497,3071,1
2039,7443,1
1531,17433,1
1545,21374,1
10,7875,1
1546,14674,1
1036,10880,1
15,12081,1
530,17705,1
1560,19669,1
2076,18297,1
51,16399,1
1593,15809,1
1087,5803,1
1599,2345,1
1088,16975,1
2117,14557,1
2120,15809,1
74,12632,1
2122,14193,1
1612,12601,1
1098,8179,1
1098,11745,1
1617,14352,1
597,22043,1
97,15904,1
1127,18215,1
103,2446,1
1131,11691,1
620,856,1
623,14735,1
118,17478,1
1171,18893,1
662,17258,1
1686,19462,1
1686,20038,1
1181,16681,1
1181,17460,1
674,766,1
1698,17173,1
1700,13659,1
1703,17701,1
1712,5722,1
696,11691,1
1212,9874,1
711,7671,1
1741,17502,1
1230,4667,1
1236,3618,1
2270,10698,1
1247,7775,1
2287,21175,1
242,11691,1
1800,255,1
1289,17581,1
1289,20260,1
1292,18602,1
2317,15825,1
270,7189,1
783,7464,1
275,20623,1
1815,17571,1
794,21380,1
811,12394,1
1847,16486,1
2360,18798,1
2364,1185,1
830,14193,1
831,8632,1
2372,2649,1
2372,11964,1
843,8730,1
2380,454,1
352,17173,1
353,14169,1
2419,7455,1
380,18613,1
892,21096,1
1412,16818,1
2438,20822,1
395,99,1
2446,12305,1
917,17317,1
413,284,1
928,4282,1
1952,1769,1
1442,4338,1
1955,16511,1
1957,17570,1
940,21204,1
1965,14193,1
1455,14080,1
2480,12211,1
2482,18599,1
1975,8180,1
1982,8179,1
1982,20304,1
965,2807,1
2517,10724,1
2517,14169,1
984,7982,1
1500,17163,1
1506,16666,1
996,2750,1
1523,3913,1
1523,19003,1
2549,14193,1
514,14877,1
1028,6623,1
2053,5677,1
1550,11326,1
2063,6308,1
1040,2534,1
536,15737,1
540,9383,1
547,9295,1
561,18152,1
585,4912,1
1613,3709,1
1616,5677,1
98,2775,1
100,15194,1
100,17359,1
612,19780,1
1126,10674,1
619,1103,1
108,21709,1
1645,21857,1
1132,6743,1
1132,8791,1
625,18443,1
2168,15348,1
1155,10865,1
1155,10921,1
133,18758,1
1159,13109,1
149,19030,1
664,11618,1
1192,15020,1
2220,6743,1
2223,9713,1
692,18704,1
1205,8312,1
714,7675,1
714,16478,1
217,5274,1
1242,2465,1
747,19676,1
1775,4609,1
1265,9424,1
246,13589,1
2304,5677,1
2312,16567,1
1803,6872,1
785,10845,1
2322,3346,1
1809,17506,1
786,15873,1
1301,6494,1
1302,8965,1
278,19779,1
2332,6743,1
2332,18152,1
299,4644,1
814,16316,1
814,17184,1
1839,9064,1
1843,9691,1
2361,2818,1
316,19676,1
2368,15351,1
1346,3431,1
1357,10675,1
1871,14876,1
1360,994,1
1875,9386,1
856,16320,1
2393,12887,1
857,7347,1
1894,19296,1
898,15335,1
2435,20419,1
1415,6344,1
1425,8790,1
1428,19744,1
1428,20032,1
932,16316,1
2472,18152,1
1964,14803,1
942,1699,1
1984,1120,1
961,14317,1
1991,3920,1
1991,13891,1
968,3347,1
970,6930,1
465,7304,1
2009,2453,1
481,986,1
1509,9332,1
511,1392,1
1032,21925,1
2057,20421,1
523,3626,1
524,13867,1
1039,8305,1
1044,3009,1
37,5601,1
1066,8297,1
563,18915,1
598,3626,1
1114,19695,1
2154,11211,1
1649,6955,1
124,1007,1
637,15920,1
644,4072,1
2184,11689,1
1167,6351,1
1168,379,1
657,19655,1
657,21301,1
1682,8209,1
2195,16019,1
144,7970,1
661,8607,1
2200,20971,1
1689,292,1
159,9709,1
1189,2759,1
1190,10706,1
1705,14645,1
1711,17875,1
1202,10140,1
2235,7222,1
2236,3629,1
1220,3689,1
202,2447,1
1739,9663,1
206,6554,1
728,10175,1
732,9995,1
224,21724,1
1250,19472,1
2288,8353,1
1278,13684,1
257,9990,1
798,6373,1
1824,8307,1
1824,14224,1
802,11030,1
802,20115,1
292,4497,1
306,21886,1
1336,11951,1
1852,1527,1
322,9990,1
2371,6949,1
2375,4506,1
2383,17049,1
2387,20821,1
341,21301,1
2392,8214,1
346,8304,1
351,10048,1
865,1080,1
1392,4380,1
1392,20274,1
1916,10813,1
1925,17748,1
2444,15724,1
2445,13066,1
910,17308,1
1432,6230,1
2460,9626,1
1949,17302,1
2476,6955,1
1466,9433,1
2490,2373,1
2499,3682,1
2499,17308,1
1479,14308,1
2518,1527,1
471,19389,1
2524,21903,1
478,20274,1
2052,6286,1
1548,5692,1
17,7529,1
1555,14443,1
27,16000,1
1564,6914,1
31,16173,1
1055,4171,1
1061,3691,1
1575,18440,1
2091,11566,1
1070,18620,1
2094,15247,1
64,8391,1
2113,7684,1
2129,10110,1
1619,9585,1
92,1793,1
1135,12789,1
127,6286,1
1670,4079,1
2191,16173,1
1683,15474,1
1178,18153,1
671,16444,1
676,16519,1
677,17839,1
170,20846,1
2231,17839,1
184,2959,1
2238,21675,1
1221,3820,1
2245,3566,1
1229,5842,1
1742,15527,1
2258,8795,1
1234,11748,1
1749,8433,1
1753,16220,1
1757,20342,1
226,18373,1
1258,11272,1
236,20342,1
2302,2269,1
772,18440,1
268,15238,1
1303,16173,1
283,1886,1
1833,9342,1
2351,10110,1
818,979,1
2358,12033,1
2363,14443,1
1860,5560,1
1865,8433,1
847,2112,1
1365,18372,1
853,7684,1
853,20542,1
866,3732,1
2403,12629,1
2423,18440,1
1950,20058,1
1959,19283,1
1983,6913,1
960,13888,1
453,8134,1
2526,16276,1
993,14443,1
2020,17561,1
2541,768,1
2541,11272,1
1535,3641,1
532,17780,1
537,790,1
26,537,1
1563,430,1
29,6031,1
550,19539,1
1069,5096,1
558,5883,1
52,8239,1
57,13302,1
1099,7727,1
591,5594,1
1615,12973,1
2143,8239,1
95,10966,1
2167,17733,1
1143,10325,1
631,13214,1
123,4194,1
1152,6184,1
131,5595,1
132,12839,1
1183,11288,1
1186,16092,1
1219,14406,1
2255,14015,1
209,18713,1
209,20929,1
742,8235,1
243,14982,1
756,21154,1
256,970,1
1792,8494,1
1282,1240,1
1290,8239,1
1802,15678,1
273,8239,1
1813,3253,1
2328,16352,1
793,10077,1
2335,8279,1
1312,3711,1
308,8239,1
312,13299,1
313,8870,1
317,1082,1
1350,11257,1
2378,11830,1
2386,482,1
1881,13703,1
1371,5589,1
860,14345,1
347,14458,1
2405,8668,1
1383,482,1
1905,11801,1
2424,1751,1
891,3545,1
893,11620,1
896,1632,1
1413,2788,1
392,11725,1
906,3469,1
920,3246,1
1945,11626,1
1436,4617,1
2464,13686,1
950,15942,1
1974,2018,1
1470,12082,1
1993,8239,1
971,13426,1
2511,21503,1
2002,20957,1
2013,9226,1
1514,7999,1
2538,2279,1
2029,14035,1
1518,15579,1
1012,9960,1
2548,19117,1
1023,13587,1
1031,13438,1
1552,9156,1
35,15042,1
1064,5923,1
557,19549,1
49,8096,1
2098,12550,1
1081,21587,1
2105,10505,1
2105,12536,1
2109,19712,1
575,1128,1
575,5075,1
66,3668,1
69,21809,1
1100,17497,1
1100,20046,1
2127,16035,1
1104,1397,1
2130,15610,1
1109,8091,1
2136,2252,1
1627,7402,1
1630,11469,1
107,12090,1
1140,9097,1
1652,14384,1
2165,21076,1
638,4328,1
1662,17072,1
1671,20794,1
649,1427,1
143,17825,1
2192,3144,1
181,12012,1
182,7399,1
1727,14918,1
1216,19854,1
726,10507,1
726,10508,1
2276,12760,1
1256,20411,1
2281,5934,1
239,10617,1
757,3408,1
2299,8560,1
767,9915,1
258,10646,1
259,10734,1
2313,21641,1
2319,7446,1
788,14901,1
284,2675,1
2334,10108,1
287,13841,1
293,4543,1
296,3981,1
296,11099,1
296,20283,1
1325,10508,1
1325,19703,1
1349,12191,1
1862,15434,1
1864,12322,1
1868,4494,1
861,204,1
1889,20029,1
2401,4328,1
869,10114,1
370,15071,1
888,11440,1
1930,15375,1
2459,7486,1
1947,11365,1
1435,7324,1
1967,16362,1
1968,21511,1
2485,8095,1
2488,5635,1
2489,21428,1
448,13173,1
2502,2105,1
2502,16033,1
463,11440,1
472,15367,1
475,781,1
2525,5372,1
992,13228,1
1505,4082,1
1505,12090,1
1505,13383,1
2531,19976,1
1000,8404,1
490,5529,1
490,12536,1
2031,9533,1
2038,600,1
2062,8251,1
1048,13711,1
1052,16774,1
1567,1816,1
1058,2261,1
1059,2226,1
2086,5760,1
559,21310,1
1588,16385,1
59,2162,1
2123,1794,1
86,7610,1
2135,4152,1
87,8042,1
91,17687,1
1120,21780,1
99,6551,1
99,12606,1
104,11791,1
2160,9858,1
626,14707,1
634,12897,1
1147,16211,1
1151,18330,1
128,2701,1
1666,6194,1
643,5911,1
134,3740,1
136,2576,1
654,14489,1
1177,20811,1
165,2423,1
165,19755,1
165,20997,1
166,14680,1
166,21811,1
2217,18300,1
683,1850,1
1709,21093,1
174,1516,1
1713,21093,1
178,19149,1
192,11131,1
193,19880,1
705,12895,1
2243,481,1
1226,13482,1
1227,11495,1
1227,11497,1
1228,3540,1
2249,7204,1
205,10517,1
1232,7416,1
720,3721,1
1244,11110,1
733,12243,1
2274,356,1
1254,17392,1
744,15530,1
1267,15908,1
2293,7043,1
245,10040,1
2303,13441,1
2303,13447,1
1797,6004,1
265,21986,1
2324,20693,1
2326,19268,1
289,18559,1
1827,6532,1
1827,12583,1
822,18507,1
1855,12474,1
835,9331,1
2381,3482,1
1361,2218,1
2395,2578,1
2395,6532,1
1382,19162,1
2408,6808,1
1390,15530,1
379,6196,1
379,10531,1
2430,18507,1
1408,9829,1
396,7144,1
1430,11656,1
416,19475,1
1443,12276,1
2467,17204,1
935,14800,1
936,14004,1
2477,6906,1
1474,3961,1
1511,4517,1
1001,6638,1
1005,11657,1
503,7821,1
2040,9550,1
1017,3299,1
509,15453,1
1026,21270,1
1049,13999,1
544,8999,1
1057,16474,1
1075,2661,1
1587,13660,1
1077,11884,1
55,2839,1
1592,16658,1
2106,1253,1
573,5815,1
2121,6192,1
2124,11564,1
2126,3149,1
82,7743,1
1623,6592,1
600,12881,1
1626,13619,1
1628,6288,1
2141,11048,1
93,8350,1
2146,6470,1
1124,15647,1
1641,15009,1
1647,18512,1
1647,20800,1
624,4039,1
1137,4429,1
1658,5645,1
126,1555,1
646,903,1
646,12881,1
2182,9456,1
2190,16017,1
1176,9432,1
666,12514,1
156,13999,1
1185,11039,1
2219,6846,1
1197,4814,1
687,20212,1
1714,18512,1
1715,20591,1
1716,17396,1
1210,1324,1
1211,6592,1
709,1096,1
201,9572,1
211,400,1
218,5046,1
2267,2527,1
2275,19662,1
743,2068,1
1270,9302,1
1270,9305,1
768,6360,1
769,6362,1
2329,14073,1
2341,7893,1
2347,21538,1
1324,912,1
812,9078,1
307,10209,1
824,12577,1
1854,10030,1
326,171,1
1867,7015,1
1356,11269,1
846,6360,1
1358,16569,1
849,17657,1
1878,3233,1
1884,15094,1
2400,10787,1
874,5644,1
374,428,1
374,14252,1
375,5041,1
376,9389,1
386,4058,1
2437,6470,1
1934,8649,1
2456,9010,1
1440,2654,1
420,1539,1
1447,2445,1
424,564,1
2474,14437,1
938,15252,1
456,468,1
456,7526,1
2507,5038,1
2512,21179,1
977,267,1
2014,9456,1
1504,4817,1
2543,2533,1
0,6144,1
2051,16599,1
1539,4756,1
1543,4322,1
1557,20140,1
2071,8814,1
1566,5009,1
1566,14978,1
2080,16295,1
1574,14387,1
40,14404,1
555,18712,1
45,10464,1
2103,18641,1
1594,3903,1
1595,13390,1
574,20580,1
577,19367,1
577,21736,1
578,3405,1
2132,7358,1
606,1442,1
94,14922,1
1121,14109,1
2151,7338,1
1668,19552,1
648,4759,1
138,11468,1
1675,11389,1
1676,11653,1
1165,265,1
153,4234,1
670,10527,1
670,15515,1
1184,1019,1
1196,9473,1
1198,14823,1
177,1019,1
177,6961,1
2233,12203,1
1209,9717,1
1217,5249,1
717,20106,1
2259,14834,1
1235,14157,1
2263,6961,1
221,16624,1
1246,17191,1
1246,21594,1
1762,4981,1
1259,6622,1
749,15430,1
1266,4232,1
1784,11403,1
766,6167,1
255,961,1
1812,6324,1
1821,10711,1
1319,1704,1
1832,432,1
2348,10668,1
1836,9493,1
1846,15547,1
327,14404,1
1863,21325,1
1869,8591,1
1366,7997,1
858,19552,1
359,17668,1
366,209,1
2414,15926,1
1398,4586,1
1411,265,1
1411,592,1
389,10543,1
397,4859,1
397,11632,1
916,8910,1
1946,1315,1
414,7609,1
414,11468,1
1438,14049,1
931,6451,1
2470,14525,1
1963,6961,1
430,4193,1
433,4396,1
1458,16055,1
949,7346,1
1979,11632,1
1979,15570,1
2000,14202,1
2513,1024,1
2515,4424,1
2515,9967,1
2523,10365,1
2537,2518,1
492,14430,1
1529,1441,1
1538,18120,1
1558,4508,1
24,5288,1
2072,4159,1
1562,12169,1
541,9189,1
1577,13540,1
1580,11355,1
46,19698,1
567,12173,1
1090,16634,1
580,20109,1
1606,18687,1
584,965,1
1094,13935,1
592,12495,1
1620,558,1
2134,128,1
2155,17864,1
2163,8469,1
1141,9253,1
1154,1288,1
1156,20637,1
1180,4537,1
1692,11687,1
2206,9280,1
668,1773,1
2208,14956,1
2208,20053,1
672,2944,1
1193,4493,1
176,4854,1
704,18206,1
2242,1475,1
2242,11429,1
2242,19928,1
710,2945,1
2248,8368,1
210,6694,1
210,9489,1
722,12995,1
739,11687,1
230,11355,1
1262,12734,1
1262,20118,1
1776,12852,1
2290,8322,1
247,16902,1
764,17419,1
1793,7712,1
2331,7180,1
796,20625,1
1309,19916,1
1310,10121,1
1310,13743,1
1311,3097,1
803,4121,1
810,1480,1
304,19884,1
1845,185,1
1343,83,1
2373,11794,1
2373,13144,1
330,1599,1
855,7163,1
2394,13251,1
863,6464,1
1907,10481,1
1397,20805,1
1910,7536,1
1910,9558,1
1399,12744,1
1927,19026,1
1928,13789,1
2448,20511,1
1429,6464,1
1943,15780,1
409,18669,1
2463,3708,1
2463,11715,1
2463,20824,1
1953,11438,1
2465,13197,1
2465,21734,1
429,3273,1
434,11313,1
947,13423,1
2483,20805,1
948,9163,1
2491,21068,1
1472,2966,1
1486,13414,1
464,10349,1
2003,2247,1
998,1408,1
1513,1592,1
491,19957,1
1519,20211,1
1521,11438,1
1521,13422,1
2036,4422,1
2037,21543,1
510,3341,1
510,15321,1
2047,8524,1
2,16495,1
4,14050,1
519,14264,1
1035,21947,1
1549,21544,1
525,19540,1
539,11542,1
1576,460,1
2088,9419,1
43,45,1
48,3715,1
1621,16058,1
1110,13636,1
2142,5920,1
1122,8199,1
1123,2667,1
2150,21343,1
617,19540,1
1643,2779,1
2164,3694,1
120,14795,1
633,11029,1
121,1501,1
139,21687,1
1166,11206,1
659,499,1
2209,13563,1
162,18406,1
161,532,1
2213,21798,1
2214,22028,1
167,15436,1
1214,10192,1
1740,5504,1
1740,7975,1
1740,17376,1
724,7071,1
1752,10280,1
1752,10391,1
220,14095,1
2273,5255,1
228,10391,1
740,17808,1
1769,5882,1
752,7075,1
1272,16156,1
252,3504,1
252,9514,1
1789,11778,1
1790,19800,1
1283,2264,1
2310,5402,1
1293,8344,1
269,2168,1
272,3965,1
1808,20870,1
1299,15462,1
276,15426,1
1822,16496,1
1822,18321,1
1314,4647,1
298,17248,1
840,21913,1
848,3153,1
1874,14194,1
338,3833,1
1885,2010,1
1376,19996,1
1377,11802,1
2407,12311,1
876,15460,1
1395,9254,1
1908,20111,1
385,11728,1
385,18965,1
1414,2485,1
2440,6643,1
1420,14078,1
398,16514,1
921,19077,1
1449,2242,1
946,7788,1
1971,1675,1
437,7638,1
438,45,1
1468,2293,1
2496,10043,1
1987,16252,1
459,20827,1
467,18122,1
985,22070,1
2536,12333,1
2551,3782,1
1021,1963,1
3,4378,1
1029,19651,1
1542,10127,1
2059,5734,1
1038,19035,1
2074,17803,1
1050,5480,1
556,11442,1
1071,16126,1
2097,21457,1
58,21239,1
587,14455,1
589,16953,1
1105,8089,1
594,20843,1
2139,101,1
102,11759,1
115,2836,1
639,12389,1
647,9831,1
663,7135,1
151,14577,1
2199,20395,1
155,3446,1
675,17150,1
1188,3690,1
1200,19354,1
2237,1696,1
2240,3462,1
713,18892,1
719,15628,1
2260,13722,1
222,17534,1
736,4142,1
1767,17331,1
1772,1830,1
1263,1701,1
759,8381,1
253,14456,1
2305,4469,1
2305,8576,1
2305,10515,1
260,13745,1
1287,15033,1
266,9654,1
2330,18515,1
1819,5533,1
1313,2549,1
2340,3758,1
805,14294,1
2344,4984,1
2344,6970,1
302,16641,1
2353,13476,1
321,20697,1
839,3059,1
329,7314,1
334,10661,1
1368,12442,1
1369,14864,1
868,17086,1
872,15268,1
2409,11714,1
1899,5458,1
1387,20681,1
372,8437,1
1909,11284,1
1400,14943,1
1400,21677,1
1406,12301,1
912,19337,1
2449,10428,1
925,11464,1
2462,8087,1
1457,8346,1
436,3462,1
1981,21677,1
1471,1715,1
1471,16554,1
452,16645,1
964,5396,1
1478,1766,1
1478,15680,1
1481,16118,1
1482,12545,1
972,5484,1
983,18364,1
483,9130,1
1512,20844,1
2035,8903,1
500,12544,1
1525,12543,1
1019,18881,1
1,16720,1
2050,21912,1
1027,8141,1
1030,4980,1
1544,13194,1
9,2456,1
522,14014,1
8,12152,1
19,17429,1
2069,2504,1
1046,10211,1
2079,13974,1
548,3414,1
1063,3145,1
2093,16311,1
1074,20740,1
1076,15117,1
565,20075,1
54,6572,1
2107,8358,1
65,11129,1
71,5915,1
73,7202,1
80,6526,1
1106,13782,1
614,22045,1
1665,3132,1
2179,18387,1
2183,10973,1
1681,20733,1
163,123,1
678,8962,1
680,843,1
681,20251,1
189,3337,1
1222,5828,1
712,3467,1
1736,10996,1
2253,11265,1
2257,8356,1
2272,12417,1
2283,14349,1
240,12990,1
1778,8828,1
761,21777,1
251,15557,1
2311,12201,1
1300,20599,1
2336,19812,1
801,8931,1
801,13029,1
1315,21112,1
2342,638,1
807,10731,1
816,11998,1
310,19242,1
1347,16763,1
837,19871,1
1866,14359,1
850,8443,1
2397,10117,1
1374,21009,1
356,21591,1
1380,20890,1
873,4775,1
873,21934,1
2413,5202,1
2416,5899,1
902,12770,1
905,19636,1
2450,3032,1
1939,20177,1
2451,8356,1
2451,20424,1
1940,17513,1
1437,11704,1
1439,1636,1
1448,7902,1
1960,2284,1
1451,4719,1
428,3102,1
1460,14498,1
1461,13751,1
958,21548,1
2501,4362,1
2501,10419,1
455,19347,1
1995,7147,1
461,18389,1
1488,3949,1
1488,8921,1
469,19257,1
479,21522,1
997,4379,1
2539,10705,1
1006,4840,1
1018,17514,1
2061,352,1
1037,12168,1
533,6698,1
1584,4046,1
2099,12941,1
2101,15843,1
1083,20644,1
61,11091,1
63,12675,1
1604,12792,1
581,17697,1
1609,2509,1
588,20108,1
595,14869,1
1119,3471,1
1136,17383,1
1142,14277,1
1153,13245,1
146,12097,1
660,10273,1
2196,17366,1
2251,15843,1
1750,19725,1
1751,20117,1
2264,19007,1
2268,10125,1
1766,5888,1
750,10530,1
1779,9712,1
755,19047,1
2292,12791,1
2291,20893,1
780,14278,1
1816,21208,1
281,7824,1
1820,4224,1
1317,9408,1
1317,20506,1
809,4245,1
2346,17834,1
2356,5527,1
825,5880,1
2367,5374,1
2367,19449,1
2367,20235,1
832,19556,1
328,14369,1
2376,8459,1
2376,20244,1
2376,21401,1
2379,264,1
1877,2927,1
864,11894,1
1898,10123,1
378,21690,1
2428,8459,1
1405,14894,1
1919,543,1
895,12463,1
384,3294,1
899,13243,1
2436,760,1
904,9704,1
393,20823,1
911,2923,1
911,19024,1
1938,19138,1
930,6705,1
1956,16214,1
937,19775,1
2478,4204,1
945,3103,1
1970,5181,1
2486,18517,1
1464,4665,1
1980,4278,1
956,19954,1
446,5774,1
1475,2678,1
1477,2432,1
1477,6350,1
1477,8420,1
1480,1459,1
2001,7967,1
2005,12707,1
1501,5285,1
1507,760,1
1004,11073,1
1004,13835,1
2542,19560,1
504,13489,1
2553,37,1
1383,16218,0
578,15206,0
784,8799,0
1503,5034,0
2059,9130,0
2448,2922,0
681,4786,0
1822,3708,0
1384,8018,0
502,11606,0
1301,1352,0
2159,11002,0
2000,6996,0
437,19138,0
173,10658,0
2158,6444,0
1861,15345,0
2052,15277,0
1086,15718,0
643,4575,0
1369,14189,0
638,12325,0
325,21200,0
595,3502,0
629,11977,0
1090,14873,0
1642,7995,0
1727,17526,0
2223,8007,0
143,3471,0
1072,10008,0
1603,12493,0
2277,8834,0
2207,5438,0
1184,834,0
1015,10190,0
2426,6163,0
1326,20456,0
2170,21714,0
88,5740,0
2256,20143,0
2230,21046,0
966,9410,0
1766,20259,0
811,7356,0
948,3126,0
1678,15127,0
273,8416,0
204,17747,0
367,18738,0
1433,14691,0
263,8531,0
961,21857,0
1086,8950,0
2303,4903,0
2369,7389,0
1726,9885,0
1858,7469,0
58,19455,0
1760,3755,0
287,11415,0
2068,2307,0
1743,14781,0
2109,9421,0
2473,15641,0
2042,748,0
1094,15317,0
490,12258,0
2120,3619,0
168,15889,0
1129,8963,0
979,11339,0
1009,1944,0
1805,6657,0
1150,11453,0
2117,5067,0
1177,9426,0
1119,2227,0
1372,7071,0
509,10288,0
973,1089,0
167,7434,0
2155,14887,0
2200,7225,0
2138,5372,0
934,13066,0
846,21190,0
1057,9451,0
717,14630,0
282,12850,0
1854,17490,0
2387,3580,0
1538,17245,0
884,6658,0
25,12447,0
1721,10002,0
356,20210,0
1263,5618,0
1606,20540,0
386,8380,0
1164,3745,0
602,3360,0
2469,2869,0
1038,6810,0
2423,11626,0
2010,16577,0
1649,21945,0
1028,17506,0
944,12113,0
1369,14571,0
1808,9640,0
1862,12730,0
2530,1954,0
1573,20196,0
2080,7004,0
1749,3668,0
1909,7612,0
2436,14247,0
363,7506,0
5,14203,0
513,15038,0
1163,2757,0
340,12956,0
959,9969,0
2039,8606,0
2141,17791,0
1866,1011,0
755,8753,0
1955,1156,0
1897,2221,0
1945,3704,0
2057,12563,0
295,21978,0
658,16823,0
545,17356,0
747,8342,0
1496,15496,0
757,8575,0
529,4247,0
347,2722,0
1445,3792,0
527,17558,0
862,4021,0
908,17289,0
1335,4782,0
2177,3787,0
723,21236,0
1921,9139,0
1803,21185,0
1790,6371,0
396,4242,0
148,1440,0
548,19626,0
384,12098,0
326,21945,0
1305,15040,0
2149,19229,0
2257,11379,0
449,19229,0
239,9948,0
583,13412,0
2297,9380,0
559,19997,0
518,8520,0
741,16649,0
1849,12182,0
264,7960,0
2502,18345,0
590,21860,0
2006,21548,0
1674,17533,0
1293,12448,0
415,15631,0
2251,9720,0
2073,1680,0
1519,12805,0
2007,18188,0
607,21161,0
2260,1560,0
15,14217,0
2416,8979,0
2256,13584,0
1890,3454,0
846,19025,0
1706,6351,0
1718,15192,0
2549,3550,0
843,12388,0
454,13596,0
1050,1974,0
715,480,0
1863,12181,0
187,18684,0
2396,6749,0
2014,4380,0
2172,16392,0
493,1807,0
1526,19145,0
2166,5175,0
669,18083,0
1725,16351,0
927,19025,0
949,12279,0
527,13618,0
545,13200,0
407,54,0
1485,6670,0
1000,11744,0
290,10341,0
213,14291,0
1255,11180,0
592,1293,0
1450,15340,0
1698,10902,0
549,6049,0
1267,8156,0
271,16013,0
162,5365,0
805,15167,0
1210,16485,0
998,21205,0
494,13362,0
1088,7101,0
252,2255,0
2138,20926,0
2473,17138,0
433,15226,0
116,21312,0
1670,10696,0
528,710,0
1758,2771,0
1670,9263,0
1424,1982,0
1738,4818,0
688,207,0
2346,19741,0
2087,4091,0
2313,7992,0
1747,9773,0
2337,5389,0
423,3944,0
1587,7453,0
1743,10482,0
2188,20506,0
1861,9829,0
2005,5693,0
494,21657,0
1411,21163,0
276,15138,0
1762,10520,0
2526,12471,0
2118,17374,0
2220,8397,0
1623,12939,0
1883,10437,0
317,15244,0
2255,6277,0
807,19293,0
796,539,0
1535,7027,0
109,16326,0
1904,9274,0
1599,15447,0
2253,5753,0
877,3747,0
1944,19790,0
1499,5496,0
1630,9805,0
135,8766,0
992,15026,0
2110,14098,0
1657,15932,0
1112,18693,0
780,18331,0
820,2159,0
1754,15492,0
288,17370,0
2379,6747,0
1377,6687,0
737,2476,0
869,642,0
1456,1522,0
2319,6335,0
96,11730,0
1541,10026,0
1250,6254,0
260,5521,0
441,20834,0
1686,13242,0
115,20821,0
470,3046,0
146,15171,0
1540,20733,0
754,16546,0
564,14216,0
2081,13470,0
2126,13403,0
392,8582,0
1106,19799,0
1959,10506,0
1551,18234,0
703,9720,0
1648,4656,0
562,10810,0
1672,17460,0
1231,674,0
1687,12308,0
1351,3307,0
1324,16570,0
1723,8379,0
1466,11684,0
429,15294,0
557,19820,0
359,3517,0
151,13639,0
673,3882,0
1133,2431,0
1046,11985,0
842,4470,0
358,2219,0
2121,19236,0
569,20153,0
259,14332,0
1796,6711,0
922,15553,0
1575,7135,0
1982,6778,0
2147,13118,0
390,19442,0
1704,3328,0
1005,21033,0
1644,14997,0
230,605,0
1247,15781,0
1999,7721,0
978,11143,0
2244,9356,0
67,17541,0
1230,14287,0
388,13664,0
949,4214,0
411,12977,0
1016,17308,0
1778,2673,0
45,13259,0
1486,11693,0
1628,13401,0
1316,1241,0
2453,11216,0
862,9383,0
1198,6674,0
861,2419,0
2284,19042,0
548,3790,0
356,18440,0
2231,4580,0
2478,14740,0
1513,9819,0
1856,20697,0
686,5242,0
1778,753,0
2065,13177,0
2017,2917,0
431,21177,0
773,5003,0
2171,15757,0
2123,3300,0
2367,8143,0
1258,12971,0
2203,8022,0
2264,9931,0
2254,15389,0
2527,11060,0
325,2764,0
711,16930,0
226,21178,0
1979,9987,0
2021,22067,0
929,8372,0
2171,8031,0
593,12967,0
2303,9962,0
368,16694,0
57,16367,0
871,14127,0
1040,7714,0
2,4595,0
1707,3543,0
1717,11993,0
1564,21316,0
895,7274,0
273,4095,0
2137,19375,0
1119,21916,0
1896,10450,0
1490,15688,0
169,5829,0
2200,15621,0
500,16237,0
1464,3819,0
2041,6126,0
699,6667,0
1216,9357,0
2215,3655,0
1991,13931,0
68,20050,0
548,5018,0
334,5494,0
1692,14381,0
861,20431,0
2069,1794,0
2241,4102,0
966,20534,0
2417,8847,0
130,15194,0
1645,14141,0
1910,16137,0
1298,3968,0
2193,9941,0
2526,1538,0
142,2152,0
1917,9488,0
971,13492,0
236,7885,0
2284,5280,0
2513,20274,0
1861,12132,0
2340,12111,0
1133,19691,0
707,21862,0
751,18698,0
1446,18189,0
223,21391,0
1721,9818,0
1092,9152,0
1384,16203,0
925,18719,0
569,6094,0
1677,20138,0
303,1338,0
244,13065,0
621,20741,0
1705,15523,0
1093,11688,0
865,22053,0
1071,10522,0
761,412,0
1188,11917,0
1301,20157,0
1807,15913,0
1113,13139,0
1878,5466,0
1245,17884,0
1794,15217,0
1156,17632,0
1970,3986,0
327,3509,0
1046,2034,0
1741,353,0
1421,15734,0
580,14538,0
730,6602,0
836,21958,0
208,14184,0
2041,4121,0
17,701,0
2306,10968,0
881,2191,0
512,4120,0
1534,10996,0
1957,11725,0
215,7037,0
1493,4958,0
2261,9063,0
1936,10943,0
224,8038,0
1445,1362,0
1431,2605,0
1075,686,0
2310,13356,0
1202,5929,0
36,5183,0
102,20826,0
771,11785,0
2192,19973,0
1641,10635,0
125,19071,0
96,12332,0
1699,1369,0
1873,21473,0
1127,2696,0
837,9189,0
1873,1596,0
1688,20420,0
1030,7954,0
115,13669,0
1534,10595,0
1680,6903,0
1419,8435,0
2315,7141,0
295,15655,0
1641,115,0
614,19109,0
713,5585,0
776,2186,0
1043,11961,0
2052,11473,0
1524,9322,0
761,3814,0
1873,10953,0
222,7648,0
2508,11076,0
616,9195,0
250,4048,0
552,17121,0
1830,20688,0
272,6306,0
386,6730,0
280,11840,0
1009,4074,0
725,13236,0
705,658,0
1889,5360,0
1501,986,0
1400,7896,0
1304,8994,0
1919,15254,0
1415,18032,0
2163,5958,0
2381,5064,0
1819,19270,0
2295,5415,0
824,9142,0
1678,21686,0
1312,4049,0
1620,13801,0
2388,18677,0
1600,554,0
1993,10672,0
1116,12835,0
2306,11203,0
752,20512,0
1658,17641,0
1793,18874,0
2374,1839,0
2258,7958,0
1480,17266,0
2155,9649,0
1681,12344,0
1130,21331,0
793,20496,0
1246,5367,0
1225,239,0
1580,15885,0
2350,14972,0
428,17741,0
540,14660,0
69,5221,0
888,1402,0
1959,14657,0
1493,19329,0
978,10293,0
1021,14025,0
549,6832,0
854,13390,0
2424,10645,0
988,8534,0
34,8751,0
382,21364,0
26,11766,0
1784,14258,0
1256,7318,0
1876,1349,0
2463,6465,0
1653,983,0
1092,6461,0
1456,15678,0
153,10951,0
731,20074,0
855,21225,0
1713,11350,0
3,19351,0
512,14478,0
147,17553,0
629,15704,0
1289,10781,0
86,6113,0
938,1651,0
1104,4386,0
1881,2654,0
197,21518,0
2094,19450,0
282,15457,0
2312,10939,0
490,4694,0
1022,21854,0
822,17999,0
32,15722,0
1000,21339,0
1233,16796,0
1695,78,0
1707,21210,0
1368,15155,0
1298,20147,0
2541,19030,0
1160,10940,0
2120,10403,0
49,20660,0
498,8233,0
1916,3042,0
1427,11533,0
608,18188,0
1265,17470,0
813,5151,0
1057,6061,0
1665,2880,0
2421,12809,0
1750,21878,0
1939,19888,0
660,1825,0
342,3879,0
1978,3687,0
416,20459,0
1463,12218,0
1126,6843,0
943,21873,0
994,18867,0
234,15296,0
1498,17339,0
445,4482,0
275,20598,0
192,1515,0
2411,15653,0
2341,3566,0
1382,6874,0
1511,2388,0
39,17617,0
987,10873,0
1733,6787,0
1978,10969,0
1016,7492,0
910,13749,0
824,7131,0
1371,12442,0
833,3573,0
2345,9525,0
2230,13341,0
1973,15543,0
2046,9964,0
519,13391,0
740,14871,0
2042,4906,0
1005,2157,0
1742,13985,0
543,20616,0
124,11037,0
2411,18503,0
118,20318,0
1869,9806,0
1469,11515,0
2149,15821,0
1529,12953,0
1217,7293,0
1820,8386,0
2299,7025,0
2488,3108,0
659,10264,0
1888,11921,0
1097,11661,0
444,9363,0
2003,14308,0
1529,17609,0
1522,15479,0
1765,5607,0
1299,3707,0
1254,5368,0
495,4940,0
1143,21566,0
962,17597,0
290,9737,0
974,15506,0
1051,9772,0
939,1563,0
1369,3890,0
2279,13004,0
1666,17558,0
1247,7182,0
1870,12441,0
501,17357,0
368,4884,0
710,10206,0
2393,2719,0
733,3225,0
2274,5749,0
2431,10353,0
1803,20249,0
677,16350,0
1916,15840,0
1363,12890,0
1306,17632,0
1809,2505,0
1223,9438,0
407,166,0
1695,19839,0
1390,21534,0
2206,7354,0
1178,8141,0
1328,4392,0
1032,10265,0
2236,19111,0
162,13875,0
1523,6934,0
61,13720,0
492,8079,0
1521,16459,0
1059,2129,0
1284,15159,0
1334,20920,0
766,20911,0
922,17235,0
2377,10033,0
1051,5940,0
2103,20967,0
2002,8371,0
663,24,0
1711,6974,0
2385,5858,0
1509,19055,0
914,5197,0
1418,4065,0
1845,11896,0
191,14238,0
118,989,0
1482,8746,0
954,18176,0
235,21462,0
189,18639,0
372,7241,0
259,4469,0
60,4468,0
1786,3139,0
2512,11017,0
274,9875,0
1236,15439,0
994,12860,0
2480,2205,0
1360,8153,0
664,7711,0
316,10527,0
1449,7177,0
2181,12386,0
1447,14758,0
1005,3975,0
1889,13774,0
460,21468,0
535,3821,0
859,2097,0
1334,1126,0
335,20817,0
1283,5143,0
1366,9276,0
1439,21816,0
84,19163,0
638,4638,0
1094,12432,0
214,14309,0
2416,7335,0
713,6464,0
872,12405,0
260,19194,0
2312,21083,0
1392,9343,0
2006,8641,0
509,15292,0
1898,4078,0
822,606,0
2413,17328,0
1348,1985,0
2202,6980,0
1782,9976,0
544,20135,0
121,11167,0
183,16543,0
2402,16565,0
917,9383,0
2324,6846,0
2266,16615,0
2362,1809,0
1010,12048,0
1731,13565,0
693,15520,0
646,18830,0
1558,7262,0
1489,14757,0
825,8815,0
2524,18518,0
2521,506,0
1481,1048,0
1236,15105,0
2318,15172,0
1666,2051,0
359,20726,0
1000,17102,0
2092,10597,0
1036,13425,0
428,5894,0
1837,6515,0
1733,14185,0
2039,13938,0
2108,10334,0
1800,12937,0
957,6128,0
26,7050,0
227,4193,0
1313,11479,0
2462,4554,0
2507,2234,0
2508,12164,0
505,5010,0
2007,20115,0
1512,13593,0
866,3449,0
2476,10355,0
2383,18683,0
758,3867,0
699,17845,0
682,16688,0
1898,3078,0
659,14282,0
1453,2349,0
1841,14276,0
1696,17776,0
440,14284,0
1814,12410,0
560,2981,0
2297,5072,0
1620,16547,0
1821,8871,0
1361,21495,0
725,4290,0
812,5296,0
933,7703,0
231,17664,0
338,17885,0
166,4015,0
1563,14724,0
1351,4545,0
299,6660,0
2530,119,0
488,6074,0
2239,9938,0
994,20646,0
219,15532,0
2205,19686,0
147,13009,0
1211,5811,0
120,4471,0
2329,10764,0
1307,21057,0
20,14427,0
405,7394,0
1506,8887,0
934,12753,0
1785,20940,0
1559,16911,0
1855,8578,0
2105,19450,0
706,10913,0
736,13776,0
1235,11107,0
1806,12605,0
824,14717,0
1461,13023,0
917,6966,0
758,4308,0
2135,9071,0
2285,13896,0
124,18184,0
769,1690,0
72,10218,0
303,12149,0
511,18871,0
1009,6259,0
633,21817,0
838,11571,0
1310,15053,0
2167,15947,0
2411,7474,0
